Name,Email,TV Usernames
,,Abaci
,,abnavin
,,anande
,,ashwinsokke
,,BakAlicia
,,BeauForex
,,Beltamkor
,,berkayzip
,,Bernieeeee
,,bogiedoc
,,bryanjf1
,,bwolf2
,,chadaltman
,,cleanthugg
,,collector78
,,daBirdman
,,DipTrader
,,dmcguire008
,,eanderson1118
,,egibson50019
,,eiler2005
,,EIP-EverythingIsPlanned
,,GCSB
,,gkumar36
,,gladman9
,,Goldikova
,,hrs1130
,,infogiunchetto
,,INKATRADER
,,JandFlee
,,jeffb8080
,,landrynd
,,Light25
,,lucalvo
,,M7mdnaser
,,MatteoAngelin
,,mcattrone
,,mooseshark
,,natcol
,,pauloi 1
,,Pedram554
,,qianniu2012
,,Rajtrader1
,,revanth19
,,rsachdev123
,,SGnEq1
,,Shiloh777
,,statiq30
,,sunlss
,,taewan
,,TheMurms
,,tobegold
,,tommyhwang168
,,vmedved
,,Volkeronroad
,,WavePattern
,,ztry
